bom_movie_name;swedish_page_link;swedish_gross
American Sniper;http://www.boxofficemojo.com/movies/?page=intl&country=SE&id=americansniper.htm;1886983
The Hunger Games: Mockingjay - Part 1;http://www.boxofficemojo.com/movies/?page=intl&country=SE&id=hungergames3.htm;9389935
Guardians of the Galaxy;http://www.boxofficemojo.com/movies/?page=intl&country=SE&id=marvel2014a.htm;5270506
Captain America: The Winter Soldier;http://www.boxofficemojo.com/movies/?page=intl&country=SE&id=marvel14b.htm;2123252
The LEGO Movie;http://www.boxofficemojo.com/movies/?page=intl&country=SE&id=lego.htm;2512566
The Hobbit: The Battle of the Five Armies;http://www.boxofficemojo.com/movies/?page=intl&country=SE&id=hobbit3.htm;13853550
Transformers: Age of Extinction;http://www.boxofficemojo.com/movies/?page=intl&country=SE&id=transformers4.htm;3069497
Maleficent;http://www.boxofficemojo.com/movies/?page=intl&country=SE&id=maleficient.htm;3079628
X-Men: Days of Future Past;http://www.boxofficemojo.com/movies/?page=intl&country=SE&id=xmen2014.htm;3581809
Big Hero 6;http://www.boxofficemojo.com/movies/?page=intl&country=SE&id=disney2014.htm;3478537
Dawn of the Planet of the Apes;http://www.boxofficemojo.com/movies/?page=intl&country=SE&id=dawnoftheapes.htm;4153409
The Amazing Spider-Man 2;http://www.boxofficemojo.com/movies/?page=intl&country=SE&id=amazingspiderman2.htm;2833430
Godzilla (2014);http://www.boxofficemojo.com/movies/?page=intl&country=SE&id=godzilla2012.htm;2438973
22 Jump Street;http://www.boxofficemojo.com/movies/?page=intl&country=SE&id=21jumpstreet2.htm;3471759
Teenage Mutant Ninja Turtles (2014);http://www.boxofficemojo.com/movies/?page=intl&country=SE&id=tmnt2013.htm;1652941
Interstellar;http://www.boxofficemojo.com/movies/?page=intl&country=SE&id=interstellar.htm;3703070
How to Train Your Dragon 2;http://www.boxofficemojo.com/movies/?page=intl&country=SE&id=howtotrainyourdragon2.htm;5338090
Gone Girl;http://www.boxofficemojo.com/movies/?page=intl&country=SE&id=gonegirl.htm;3426069
Divergent;http://www.boxofficemojo.com/movies/?page=intl&country=SE&id=divergent.htm;1946109
Neighbors;http://www.boxofficemojo.com/movies/?page=intl&country=SE&id=townies.htm;1561436
Ride Along;N/A;N/A
Rio 2;http://www.boxofficemojo.com/movies/?page=intl&country=SE&id=rio2.htm;3536237
Into the Woods;http://www.boxofficemojo.com/movies/?page=intl&country=SE&id=intothewoods.htm;272836
Lucy;http://www.boxofficemojo.com/movies/?page=intl&country=SE&id=lucy.htm;1744506
The Fault in our Stars;http://www.boxofficemojo.com/movies/?page=intl&country=SE&id=faultinourstars.htm;2597479
Unbroken;http://www.boxofficemojo.com/movies/?page=intl&country=SE&id=unbroken.htm;1170385
Night at the Museum: Secret of the Tomb;http://www.boxofficemojo.com/movies/?page=intl&country=SE&id=nightatthemuseum3.htm;1021151
Mr. Peabody & Sherman;http://www.boxofficemojo.com/movies/?page=intl&country=SE&id=mrpeabodyandsherman.htm;1729667
300: Rise of An Empire;http://www.boxofficemojo.com/movies/?page=intl&country=SE&id=300sequel.htm;1754438
The Maze Runner;http://www.boxofficemojo.com/movies/?page=intl&country=SE&id=mazerunner.htm;2576081
The Equalizer;http://www.boxofficemojo.com/movies/?page=intl&country=SE&id=equalizer.htm;1151990
Noah;http://www.boxofficemojo.com/movies/?page=intl&country=SE&id=noah.htm;2249363
Edge of Tomorrow;http://www.boxofficemojo.com/movies/?page=intl&country=SE&id=allyouneediskill.htm;1718606
Non-Stop;http://www.boxofficemojo.com/movies/?page=intl&country=SE&id=nonstop.htm;971939
Heaven is for Real;N/A;N/A
The Imitation Game;http://www.boxofficemojo.com/movies/?page=intl&country=SE&id=imitationgame.htm;1933338
Dumb and Dumber To;http://www.boxofficemojo.com/movies/?page=intl&country=SE&id=dumberto.htm;1495497
Annie (2014);http://www.boxofficemojo.com/movies/?page=intl&country=SE&id=annie2014.htm;663567
Fury (2014);http://www.boxofficemojo.com/movies/?page=intl&country=SE&id=fury2014.htm;2077890
Tammy;N/A;N/A
Annabelle;http://www.boxofficemojo.com/movies/?page=intl&country=SE&id=newlinehorror.htm;1944680
The Other Woman (2014);http://www.boxofficemojo.com/movies/?page=intl&country=SE&id=otherwoman14.htm;2439385
Penguins of Madagascar;http://www.boxofficemojo.com/movies/?page=intl&country=SE&id=penguinsofmadagascar.htm;2287101
Let's Be Cops;http://www.boxofficemojo.com/movies/?page=intl&country=SE&id=letsbecops.htm;2108368
The Monuments Men;http://www.boxofficemojo.com/movies/?page=intl&country=SE&id=monumentsmen.htm;1223052
Hercules (2014);http://www.boxofficemojo.com/movies/?page=intl&country=SE&id=hercules2014.htm;589873
The Purge: Anarchy;http://www.boxofficemojo.com/movies/?page=intl&country=SE&id=purge2.htm;319993
Alexander and the Terrible, Horrible, No Good, Very Bad Day;N/A;N/A
Think Like a Man Too;N/A;N/A
Exodus: Gods and Kings;http://www.boxofficemojo.com/movies/?page=intl&country=SE&id=exodus.htm;2756240
The Nut Job;http://www.boxofficemojo.com/movies/?page=intl&country=SE&id=nutjob.htm;341090
God's Not Dead;N/A;N/A
Son of God;N/A;N/A
The Grand Budapest Hotel;http://www.boxofficemojo.com/movies/?page=intl&country=SE&id=grandbudapesthotel.htm;3234870
Planes: Fire & Rescue;http://www.boxofficemojo.com/movies/?page=intl&country=SE&id=planes2.htm;2023269
RoboCop (2014);http://www.boxofficemojo.com/movies/?page=intl&country=SE&id=robocop2013.htm;1789572
Dracula Untold;http://www.boxofficemojo.com/movies/?page=intl&country=SE&id=dracula.htm;1317924
Horrible Bosses 2;N/A;N/A
The Hundred-Foot Journey;http://www.boxofficemojo.com/movies/?page=intl&country=SE&id=100foot.htm;1715975
No Good Deed (2014);N/A;N/A
Selma;N/A;N/A
Muppets Most Wanted;N/A;N/A
Ouija;http://www.boxofficemojo.com/movies/?page=intl&country=SE&id=ouija.htm;367789
The Boxtrolls;http://www.boxofficemojo.com/movies/?page=intl&country=SE&id=laika2014.htm;682136
Jack Ryan: Shadow Recruit;http://www.boxofficemojo.com/movies/?page=intl&country=SE&id=jackryan.htm;568449
If I Stay;http://www.boxofficemojo.com/movies/?page=intl&country=SE&id=ifistay.htm;15329
The Book of Life (2014);N/A;N/A
About Last Night (2014);N/A;N/A
Into The Storm;http://www.boxofficemojo.com/movies/?page=intl&country=SE&id=intothestorm.htm;331724
The Judge;N/A;N/A
Jersey Boys;N/A;N/A
Blended;http://www.boxofficemojo.com/movies/?page=intl&country=SE&id=blended.htm;47892
The Giver;N/A;N/A
St. Vincent;N/A;N/A
Need for Speed;http://www.boxofficemojo.com/movies/?page=intl&country=SE&id=needforspeed.htm;1140605
A Million Ways to Die in the West;http://www.boxofficemojo.com/movies/?page=intl&country=SE&id=millionwaystodie.htm;763896
John Wick;http://www.boxofficemojo.com/movies/?page=intl&country=SE&id=johnwick.htm;134754
Birdman;http://www.boxofficemojo.com/movies/?page=intl&country=SE&id=birdman.htm;771412
Dolphin Tale 2;N/A;N/A
The Expendables 3;http://www.boxofficemojo.com/movies/?page=intl&country=SE&id=expendables3.htm;621774
Earth to Echo;N/A;N/A
Sex Tape;http://www.boxofficemojo.com/movies/?page=intl&country=SE&id=sextape.htm;1148175
Wild (2014);http://www.boxofficemojo.com/movies/?page=intl&country=SE&id=wild2014.htm;366657
Million Dollar Arm;N/A;N/A
The Theory of Everything;http://www.boxofficemojo.com/movies/?page=intl&country=SE&id=theoryofeverything.htm;662328
This is Where I Leave You;N/A;N/A
The Gambler;N/A;N/A
Paranormal Activity: The Marked Ones;http://www.boxofficemojo.com/movies/?page=intl&country=SE&id=paranormalactivity5.htm;551146
Nightcrawler;N/A;N/A
Chef;http://www.boxofficemojo.com/movies/?page=intl&country=SE&id=chef.htm;120206
Get On Up;N/A;N/A
3 Days to Kill;N/A;N/A
Deliver Us From Evil;http://www.boxofficemojo.com/movies/?page=intl&country=SE&id=bewarethenight.htm;476442
When the Game Stands Tall;N/A;N/A
Draft Day;N/A;N/A
Oculus;http://www.boxofficemojo.com/movies/?page=intl&country=SE&id=oculus.htm;164832
The Best of Me;N/A;N/A
A Walk Among the Tombstones;http://www.boxofficemojo.com/movies/?page=intl&country=SE&id=walktombstones.htm;242894
That Awkward Moment;N/A;N/A
Boyhood;http://www.boxofficemojo.com/movies/?page=intl&country=SE&id=boyhood.htm;225663
Top Five;N/A;N/A
The November Man;N/A;N/A
Endless Love (2014);N/A;N/A
Pompeii;http://www.boxofficemojo.com/movies/?page=intl&country=SE&id=pompeii.htm;154174
Transcendence;http://www.boxofficemojo.com/movies/?page=intl&country=SE&id=transcendence.htm;265079
As Above/So Below;http://www.boxofficemojo.com/movies/?page=intl&country=SE&id=asabovesobelow.htm;133288
Brick Mansions;http://www.boxofficemojo.com/movies/?page=intl&country=SE&id=brickmansions.htm;94324
I, Frankenstein;http://www.boxofficemojo.com/movies/?page=intl&country=SE&id=ifrankenstein.htm;26805
The Legend of Hercules;N/A;N/A
Bears;N/A;N/A
Addicted;N/A;N/A
A Haunted House 2;N/A;N/A
A Most Wanted Man;http://www.boxofficemojo.com/movies/?page=intl&country=SE&id=amostwantedman.htm;148450
Begin Again;http://www.boxofficemojo.com/movies/?page=intl&country=SE&id=canasong.htm;202381
Tyler Perry's The Single Moms Club;N/A;N/A
Devil's Due;N/A;N/A
And So It Goes;http://www.boxofficemojo.com/movies/?page=intl&country=SE&id=andsoitgoes.htm;99240
Step Up All In;N/A;N/A
Beyond the Lights;N/A;N/A
Big Eyes;http://www.boxofficemojo.com/movies/?page=intl&country=SE&id=bigeyes.htm;25311
America (2014);N/A;N/A
Left Behind (2014);N/A;N/A
Frank Miller's Sin City: A Dame to Kill For;http://www.boxofficemojo.com/movies/?page=intl&country=SE&id=sincity2.htm;280801
Labor Day;N/A;N/A
Whiplash;http://www.boxofficemojo.com/movies/?page=intl&country=SE&id=whiplash.htm;135143
Winter's Tale;N/A;N/A
Foxcatcher;http://www.boxofficemojo.com/movies/?page=intl&country=SE&id=foxcatcher.htm;144418
Island of Lemurs: Madagascar (IMAX);N/A;N/A
Belle;N/A;N/A
The Drop;N/A;N/A
P.K.;N/A;N/A
Magic in the Moonlight;http://www.boxofficemojo.com/movies/?page=intl&country=SE&id=magicinthemoonlight.htm;383333
Sabotage (2014);N/A;N/A
Moms' Night Out;http://www.boxofficemojo.com/movies/?page=intl&country=SE&id=momsnightout.htm;2335
The Quiet Ones;N/A;N/A
Legends of Oz: Dorothy's Return;N/A;N/A
Inherent Vice;N/A;N/A
Vampire Academy;N/A;N/A
Bad Words;N/A;N/A
Cantinflas;N/A;N/A
The Interview (2014);N/A;N/A
Meet the Mormons;N/A;N/A
A Most Violent Year;http://www.boxofficemojo.com/movies/?page=intl&country=SE&id=amostviolentyear.htm;16703
Cesar Chavez;N/A;N/A
The Skeleton Twins;http://www.boxofficemojo.com/movies/?page=intl&country=SE&id=skeletontwins.htm;43886
The Wind Rises;http://www.boxofficemojo.com/movies/?page=intl&country=SE&id=windrises.htm;247352
Snowpiercer;N/A;N/A
The Railway Man;N/A;N/A
Dear White People;N/A;N/A
The Lunchbox;http://www.boxofficemojo.com/movies/?page=intl&country=SE&id=lunchbox.htm;448856
My Old Lady;N/A;N/A
Mr. Turner;http://www.boxofficemojo.com/movies/?page=intl&country=SE&id=mrturner.htm;161309
Ida;http://www.boxofficemojo.com/movies/?page=intl&country=SE&id=ida.htm;248785
Fading Gigolo;N/A;N/A
Calvary;N/A;N/A
Wish I Was Here;N/A;N/A
Ghostbusters (30th Anniversary re-release);N/A;N/A
Mommy;http://www.boxofficemojo.com/movies/?page=intl&country=SE&id=mommy.htm;76074
What If (2014);http://www.boxofficemojo.com/movies/?page=intl&country=SE&id=whatif2014.htm;20202
The Grand Seduction;N/A;N/A
Veronica Mars;N/A;N/A
Before I Go To Sleep;N/A;N/A
Rosewater;N/A;N/A
Obvious Child;N/A;N/A
The Trip to Italy;http://www.boxofficemojo.com/movies/?page=intl&country=SE&id=triptoitaly.htm;12428
The Identical;N/A;N/A
The Fluffy Movie;N/A;N/A
Citizenfour;N/A;N/A
Kirk Cameron's Saving Christmas;N/A;N/A
The Pyramid;N/A;N/A
The Good Lie;http://www.boxofficemojo.com/movies/?page=intl&country=SE&id=goodlie.htm;27695
The Raid 2;N/A;N/A
Under the Skin (2014);N/A;N/A
The Admiral: Roaring Currents;N/A;N/A
Dragon Ball Z: Battle of Gods;N/A;N/A
Bang Bang;N/A;N/A
Kick;N/A;N/A
Kill the Messenger;N/A;N/A
The Homesman;http://www.boxofficemojo.com/movies/?page=intl&country=SE&id=homesman.htm;33478
Ode to My Father;N/A;N/A
Love is Strange;http://www.boxofficemojo.com/movies/?page=intl&country=SE&id=loveisstrange.htm;14534
2 States;N/A;N/A
Le Week-End;http://www.boxofficemojo.com/movies/?page=intl&country=SE&id=leweekend.htm;24693
Anchorman 2 (R-Rated Extended Cut);N/A;N/A
2014 Oscar Nominated Short Films;N/A;N/A
Words and Pictures;N/A;N/A
Gloria (2014);http://www.boxofficemojo.com/movies/?page=intl&country=SE&id=gloria14.htm;96601
The Immigrant;N/A;N/A
Only Lovers Left Alive;N/A;N/A
Tusk;http://www.boxofficemojo.com/movies/?page=intl&country=SE&id=tusk.htm;451
Tim's Vermeer;N/A;N/A
Persecuted;N/A;N/A
Awake: The Life of Yogananda;N/A;N/A
Fed Up;N/A;N/A
Finding Vivian Maier;N/A;N/A
Pride (2014);http://www.boxofficemojo.com/movies/?page=intl&country=SE&id=pride2014.htm;595880
Two Days, One Night;http://www.boxofficemojo.com/movies/?page=intl&country=SE&id=twodaysonenight.htm;18800
Locke;http://www.boxofficemojo.com/movies/?page=intl&country=SE&id=locke.htm;61747
Gimme Shelter;N/A;N/A
Force Majeure;N/A;N/A
Jai Ho;N/A;N/A
Singham Returns;N/A;N/A
Repentance;N/A;N/A
The Remaining;N/A;N/A
Hector And The Search For Happiness;N/A;N/A
The Rover;N/A;N/A
Walking with the Enemy;N/A;N/A
Leviathan (2014);http://www.boxofficemojo.com/movies/?page=intl&country=SE&id=leviathan2014.htm;170028
The Captive;N/A;N/A
Laggies;N/A;N/A
50 to 1;N/A;N/A
Haider;N/A;N/A
Third Person;http://www.boxofficemojo.com/movies/?page=intl&country=SE&id=thirdperson.htm;27313
Stalingrad (2014);N/A;N/A
The Song;N/A;N/A
Enemy;N/A;N/A
The Babadook;N/A;N/A
Shaadi Ke Side Effects;N/A;N/A
Mas Negro Que La Noche;N/A;N/A
Particle Fever;N/A;N/A
Song of the Sea;http://www.boxofficemojo.com/movies/?page=intl&country=SE&id=songofthesea.htm;48829
Atlas Shrugged Part III: Who Is John Galt?;N/A;N/A
Kochadaiiyaan;N/A;N/A
Saw 10th Anniversary;N/A;N/A
Life Itself;N/A;N/A
Nymphomaniac: Volume I;http://www.boxofficemojo.com/movies/?page=intl&country=SE&id=nymphomaniac.htm;190935
Breakup Buddies;N/A;N/A
Palo Alto;N/A;N/A
Ek Villain;N/A;N/A
Land Ho!;N/A;N/A
Yves Saint Laurent;N/A;N/A
Khoobsurat;N/A;N/A
Holiday (2014);N/A;N/A
Men, Women & Children;N/A;N/A
The Tale of The Princess Kaguya;N/A;N/A
Frankie & Alice (2014);N/A;N/A
A Matter of Faith;N/A;N/A
Jodorowsky's Dune;N/A;N/A
Hasee Toh Phasee;N/A;N/A
Frank;N/A;N/A
Mary Kom;N/A;N/A
Finding Fanny;N/A;N/A
The Signal (2014);N/A;N/A
The Disappearance of Eleanor Rigby;N/A;N/A
Back in Time (Congcong Nanian);N/A;N/A
Forrest Gump (IMAX);N/A;N/A
The Attorney;N/A;N/A
23 Blast;N/A;N/A
On Any Sunday: The Next Chapter;N/A;N/A
Highway (2014);N/A;N/A
Dom Hemingway;N/A;N/A
A Hard Day's Night (2014 re-release);N/A;N/A
The One I Love;N/A;N/A
Tracks (2014);http://www.boxofficemojo.com/movies/?page=intl&country=SE&id=tracks2014.htm;189081
The Two Faces of January;N/A;N/A
A Girl Walks Home Alone at Night;N/A;N/A
Last Days in Vietnam;N/A;N/A
In Secret;N/A;N/A
But Always (Yi Sheng Yi Shi);N/A;N/A
Beijing Love Story;N/A;N/A
Cold in July;N/A;N/A
She's Beautiful When She's Angry;N/A;N/A
The German Doctor;N/A;N/A
The Pirates;N/A;N/A
Goodbye to Language;N/A;N/A
Humpty Sharma Ki Dulhania;N/A;N/A
Women Who Flirt (Sajiao Nvren);N/A;N/A
Venus in Fur;N/A;N/A
Joe (2014);N/A;N/A
Glen Campbell... I'll Be Me;N/A;N/A
Omar;N/A;N/A
The Face of Love;N/A;N/A
Le Chef;N/A;N/A
Jimi: All Is By My Side;N/A;N/A
Chinese Puzzle;N/A;N/A
I Origins;N/A;N/A
Like Father, Like Son (2014);http://www.boxofficemojo.com/movies/?page=intl&country=SE&id=fatherson.htm;19894
The Guest (2014);N/A;N/A
Elaine Stritch: Shoot Me;N/A;N/A
Nymphomaniac: Volume II;N/A;N/A
Stranger By the Lake;N/A;N/A
On My Way;http://www.boxofficemojo.com/movies/?page=intl&country=SE&id=onmyway.htm;72121
Happy Ending;N/A;N/A
The Hornet's Nest;N/A;N/A
I Am Eleven;N/A;N/A
A Five Star Life;N/A;N/A
Mood Indigo;http://www.boxofficemojo.com/movies/?page=intl&country=SE&id=moodindigo.htm;166081
Innocence (2014);N/A;N/A
The Dance of Reality;N/A;N/A
Antarctica: A Year on Ice;N/A;N/A
The Last of Robin Hood;N/A;N/A
Elsa & Fred (2014);N/A;N/A
Kundo: Age of the Rampant;N/A;N/A
20,000 Days on Earth;N/A;N/A
The Unknown Known;N/A;N/A
Main Tera Hero;N/A;N/A
Night Moves;N/A;N/A
Love on the Cloud (Wei Ai);N/A;N/A
The Love Punch;N/A;N/A
Life of Crime;N/A;N/A
Ernest & Celestine;N/A;N/A
Blue Ruin;N/A;N/A
The Green Prince;N/A;N/A
The Zero Theorem;N/A;N/A
Action Jackson (2014);N/A;N/A
Alive Inside;N/A;N/A
The Blue Room;N/A;N/A
National Gallery;N/A;N/A
Tazza: The Hidden Card;N/A;N/A
The Galapagos Affair: Satan Came to Eden;N/A;N/A
James Cameron's Deepsea Challenge 3D;N/A;N/A
Art and Craft;N/A;N/A
Diplomacy;N/A;N/A
Dr. Cabbie (U.S. only);N/A;N/A
The Suspect (2014);N/A;N/A
Supermensch: The Legend of Shep Gordon;N/A;N/A
The Breakup Guru;N/A;N/A
Rob the Mob;N/A;N/A
Under the Electric Sky;N/A;N/A
Jinn;N/A;N/A
Bethlehem;N/A;N/A
The Double (2014);N/A;N/A
Listen Up Philip;N/A;N/A
A Summer's Tale;N/A;N/A
Code Black;N/A;N/A
We Are The Best!;http://www.boxofficemojo.com/movies/?page=intl&country=SE&id=wearethebest.htm;1132488
Anita;N/A;N/A
Evangelion: 3.0 You Can (Not) Redo;N/A;N/A
Horns;N/A;N/A
Afternoon of a Faun;N/A;N/A
That Demon Within;N/A;N/A
God's Pocket;N/A;N/A
NAS: Time is Illmatic;N/A;N/A
Keep On Keepin' On;N/A;N/A
Sinbad: The Fifth Voyage;N/A;N/A
Citizen Koch;N/A;N/A
Alan Partridge: The Movie;N/A;N/A
Dancing in Jaffa;N/A;N/A
A Coffee in Berlin;N/A;N/A
Godzilla: The Japanese Original;N/A;N/A
Kids For Cash;N/A;N/A
Gore Vidal: United States of Amnesia;N/A;N/A
The Polar Express (2014 re-issue);N/A;N/A
Mistaken for Strangers;N/A;N/A
The Congress;N/A;N/A
The Divine Move;N/A;N/A
Redwood Highway;N/A;N/A
The Jewish Cardinal;N/A;N/A
Raja Natwarlal;N/A;N/A
Bjork - Biophilia Live;N/A;N/A
Make Your Move;N/A;N/A
Knights of Badassdom;N/A;N/A
Afflicted (2014);N/A;N/A
Finding Fela;N/A;N/A
Zero Motivation;N/A;N/A
God the Father;N/A;N/A
The Liberator;N/A;N/A
Penton: The John Penton Story;N/A;N/A
Rich Hill;N/A;N/A
The Overnighters;N/A;N/A
Duran Duran: Unstaged;N/A;N/A
Anohana The Movie: The Flower We Saw That Day;N/A;N/A
Ivory Tower;N/A;N/A
Six Dance Lessons in Six Weeks;N/A;N/A
The Golden Era;N/A;N/A
God Help the Girl;N/A;N/A
Coherence;N/A;N/A
The Way He Looks;N/A;N/A
Korengal;N/A;N/A
One Chance;N/A;N/A
Beyond Sight: The Derek Rabelo Story;N/A;N/A
The Best Offer;N/A;N/A
Child's Pose;N/A;N/A
Hiroshima Mon Amour (2014 re-release);N/A;N/A
Cuban Fury;N/A;N/A
Generation War;N/A;N/A
Girl on a Bicycle;N/A;N/A
Pump;N/A;N/A
Breathe In;N/A;N/A
The Principle;N/A;N/A
Life After Beth;N/A;N/A
Advanced Style;N/A;N/A
Visitors (2014);N/A;N/A
Watermark;N/A;N/A
12 O'Clock Boys;N/A;N/A
Water & Power;N/A;N/A
Fort McCoy;N/A;N/A
Whitey: USA v. James J. Bulger;N/A;N/A
Just a Sigh;N/A;N/A
Better Living Through Chemistry;N/A;N/A
Veil of Tears;N/A;N/A
Flamenco, Flamenco;N/A;N/A
Je T'aime, Je T'aime (2014 re-issue);N/A;N/A
A Letter to Momo;N/A;N/A
The Better Angels;N/A;N/A
Take Me to the River;N/A;N/A
For No Good Reason;N/A;N/A
The Notebook (2014);N/A;N/A
Through a Lens Darkly;N/A;N/A
Art of the Steal;N/A;N/A
Jealousy;N/A;N/A
Heropanti;N/A;N/A
No Tears for the Dead;N/A;N/A
The Last Sentence;http://www.boxofficemojo.com/movies/?page=intl&country=SE&id=lastsentence.htm;243547
Young and Beautiful;N/A;N/A
Siddharth;N/A;N/A
Bicycling with Moliere;N/A;N/A
Frontera;N/A;N/A
Wetlands;N/A;N/A
Cheap Thrills;N/A;N/A
Walk of Shame;N/A;N/A
The One I Wrote For You;N/A;N/A
Sagrada: The Mystery of Creation;N/A;N/A
The Conformist (2014 re-release);N/A;N/A
Rudderless;N/A;N/A
Borgman;N/A;N/A
The Rocket (2014);N/A;N/A
Ilo Ilo;N/A;N/A
The Bag Man;N/A;N/A
Big Men;N/A;N/A
In Bloom;N/A;N/A
Hellion;N/A;N/A
Starred Up;http://www.boxofficemojo.com/movies/?page=intl&country=SE&id=starredup.htm;47969
Half of a Yellow Sun;N/A;N/A
Low Down;N/A;N/A
Hateship Loveship;N/A;N/A
1,000 Times Good Night;http://www.boxofficemojo.com/movies/?page=intl&country=SE&id=1000times.htm;19432
At Middleton;N/A;N/A
Ping Pong Summer;N/A;N/A
To Be Takei;N/A;N/A
The Missing Picture;N/A;N/A
The Retrieval;N/A;N/A
The Discoverers;N/A;N/A
NOW: In the Wings on a World Stage;N/A;N/A
Shirin in Love;N/A;N/A
The Internet's Own Boy;N/A;N/A
A Birder's Guide to Everything;N/A;N/A
American Mustang;N/A;N/A
Viva La Liberta;N/A;N/A
Lucky Them;N/A;N/A
Decoding Annie Parker;N/A;N/A
Alphaville (2013 re-release);N/A;N/A
A Master Builder;N/A;N/A
Monk With a Camera;N/A;N/A
Filmistaan;N/A;N/A
Return to The Hiding Place;N/A;N/A
Ai Weiwei: The Fake Case;N/A;N/A
There's No Place Like Utopia;N/A;N/A
The Dog;N/A;N/A
If You Build It;N/A;N/A
Road to Ninja - Naruto the Movie;N/A;N/A
Next Goal Wins;N/A;N/A
Interior. Leather Bar.;N/A;N/A
Blood Ties (2014);N/A;N/A
The Last Of The Unjust;N/A;N/A
Teenage;N/A;N/A
Child of God;N/A;N/A
Expedition to the End of the World;N/A;N/A
7 Boxes;N/A;N/A
Dead Snow 2: Red vs. Dead;N/A;N/A
Not Cool;N/A;N/A
Le Jour Se Leve (2014 re-release);N/A;N/A
That Man From Rio;N/A;N/A
Beneath the Harvest Sky;N/A;N/A
This Ain't No Mouse Music!;N/A;N/A
Expelled from Paradise;N/A;N/A
Tiger & Bunny The Movie: The Rising;N/A;N/A
Filth;N/A;N/A
Rocks in my Pockets;N/A;N/A
White Bird in a Blizzard;N/A;N/A
It Felt Like Love;N/A;N/A
K: Missing Kings;N/A;N/A
Big Bad Wolves;N/A;N/A
A Field in England;N/A;N/A
For a Woman;N/A;N/A
The Hero of Color City;N/A;N/A
Bird People;N/A;N/A
Abuse of Weakness;N/A;N/A
The Passionate Thief (2014 re-release);N/A;N/A
Documented;N/A;N/A
Happy Christmas;N/A;N/A
Jimmy P;N/A;N/A
Southern Baptist Sissies;N/A;N/A
A Long Way Off;N/A;N/A
Manakamana;N/A;N/A
Yellow Day;N/A;N/A
Othello (2014 re-release);N/A;N/A
Why Don't You Play in Hell;N/A;N/A
Stations of the Elevated;N/A;N/A
Closed Curtain;N/A;N/A
The King and the Mockingbird;N/A;N/A
Lilting;N/A;N/A
Last Weekend;N/A;N/A
Level Five;N/A;N/A
Elena (2014);N/A;N/A
Christian Mingle;N/A;N/A
Adult World;N/A;N/A
Born to Fly: Elizabeth Streb vs. Gravity;N/A;N/A
Happy Valley (2014);N/A;N/A
Believe Me;N/A;N/A
A Tale of Winter (Conte d'hiver);N/A;N/A
History of Jazz: Oxygen for the Ears;N/A;N/A
Video Games: The Movie;N/A;N/A
Short Peace;N/A;N/A
Two Lives;N/A;N/A
Grand Piano;N/A;N/A
May in the Summer;N/A;N/A
Bright Days Ahead;N/A;N/A
The Decent One;N/A;N/A
Memphis;N/A;N/A
NightLights;N/A;N/A
The Sacrifice;N/A;N/A
Lekar Hum Deewana Dil;N/A;N/A
The Great Flood;N/A;N/A
Coming Up Roses (2014 re-release);N/A;N/A
Run and Jump;N/A;N/A
The Past is a Grotesque Animal;N/A;N/A
Uzumasa Limelight;N/A;N/A
A Picture of You;N/A;N/A
Guardian Angel;N/A;N/A
Peter Brook: The Tightrope;N/A;N/A
Actress (2014);N/A;N/A
Watchers of the Sky;N/A;N/A
The Kill Team;N/A;N/A
Test;N/A;N/A
Tasting Menu;N/A;N/A
Two Night Stand;N/A;N/A
Who is Dayani Cristal?;N/A;N/A
Tosca's Kiss (2014 re-release);N/A;N/A
Journey to the West;N/A;N/A
One Day Pina Asked...;N/A;N/A
Kelly & Cal;N/A;N/A
The Homestretch;N/A;N/A
Stand Clear of the Closing Doors;N/A;N/A
Accident;N/A;N/A
Goodbye To All That;N/A;N/A
Cold Comes the Night;N/A;N/A
Hank and Asha;N/A;N/A
Burning Bush;N/A;N/A
Magician: The Astonishing Life and Work of Orson Welles;N/A;N/A
Levitated Mass;N/A;N/A
Olivia Experiment;N/A;N/A
Barefoot;N/A;N/A
Horses of God;N/A;N/A
Last Passenger;N/A;N/A
Exhibition;N/A;N/A
13 Sins;N/A;N/A
The Pretty One;N/A;N/A
Fifi Howls From Happiness;N/A;N/A
War of the Worlds: Goliath;N/A;N/A
A Long Way Down;N/A;N/A
Camp X-Ray;N/A;N/A
Days and Nights;N/A;N/A
Sol LeWitt;N/A;N/A
The Pleasures of Being Out of Step;N/A;N/A
K2: Siren of the Himalayas;N/A;N/A
Alien Abduction;N/A;N/A
Concerning Violence;N/A;N/A
Special ID;N/A;N/A
Bhopal: A Prayer for Rain;N/A;N/A
Boy Meets Girl;N/A;N/A
Touch the Wall;N/A;N/A
Wolves;N/A;N/A
In No Great Hurry: 13 Lessons in Life with Saul Leiter;N/A;N/A
The French Minister;N/A;N/A
Queen Margot (2014 re-release);N/A;N/A
Revenge of the Mekons;N/A;N/A
Falcon Rising;N/A;N/A
Life of Riley;N/A;N/A
Living is Easy with Eyes Closed;N/A;N/A
You're Not You;N/A;N/A
The Great Invisible;N/A;N/A
The Final Member;N/A;N/A
The Amazing Catfish;N/A;N/A
Dishkiyaoon;N/A;N/A
Policeman;N/A;N/A
Pay 2 Play: Democracy's High Stakes;N/A;N/A
The Players;N/A;N/A
As It Is In Heaven;N/A;N/A
Inside the Mind of Leonardo Da Vinci in 3D;N/A;N/A
Norte, the End of History;N/A;N/A
Stray Dogs;N/A;N/A
The Endless Summer (2014 re-release);N/A;N/A
Before I Disappear;N/A;N/A
Kabbalah Me;N/A;N/A
Marius;N/A;N/A
If You Don't, I Will;N/A;N/A
On the Other Side of the Tracks;N/A;N/A
In the House of Flies;N/A;N/A
Radio Free Albemuth;N/A;N/A
The Immortalists;N/A;N/A
Honeymoon;N/A;N/A
The Sacrament;N/A;N/A
Faith Connections;N/A;N/A
The Cabinet of Dr. Caligari (2014 re-release);N/A;N/A
Fanny;N/A;N/A
Comet;N/A;N/A
The Mystery of Happiness;N/A;N/A
The Quitter;N/A;N/A
Canopy;N/A;N/A
Almost Human;N/A;N/A
Red Hollywood;N/A;N/A
Love is in the Air;N/A;N/A
Eternity the Movie;N/A;N/A
Gringo Trails;N/A;N/A
Life Partners;N/A;N/A
Empty Hours;N/A;N/A
Gladiators of Rome;N/A;N/A
Next Year Jerusalem;N/A;N/A
Rigor Mortis;N/A;N/A
Archipelago;N/A;N/A
Come Back to Me;N/A;N/A
Iceman (2014);N/A;N/A
The Little Bedroom;N/A;N/A
Raze;N/A;N/A
I Am Ali;N/A;N/A
The Strange Color of Your Body's Tears;N/A;N/A
ABCs of Death 2;N/A;N/A
Stage Fright (2014);N/A;N/A
Plot for Peace;N/A;N/A
Very Good Girls;N/A;N/A
Pioneer;N/A;N/A
No God, No Master;N/A;N/A
Before You Know It;N/A;N/A
Will You Still Love Me Tomorrow;N/A;N/A
Aatsinki: The Story of Arctic Cowboys;N/A;N/A
Life of a King;N/A;N/A
Jews of Egypt;N/A;N/A
The Adventurer: The Curse of the Midas Box;N/A;N/A
Manuscripts Don't Burn;N/A;N/A
Tip Top;N/A;N/A
Love and Air Sex;N/A;N/A
Cavemen;N/A;N/A
Gang of Ghosts;N/A;N/A
The Strange Little Cat;N/A;N/A
2 Autumns, 3 Winters;N/A;N/A
The Devil's Hand;N/A;N/A
Papirosen;N/A;N/A
Kid Cannabis;N/A;N/A
Gabrielle (2014);N/A;N/A
Flex is Kings;N/A;N/A
The Only Real Game;N/A;N/A
Return to Nuke 'Em High Volume 1;N/A;N/A
Sleepwalker;N/A;N/A
Nothing Bad Can Happen;N/A;N/A
Half the Road;N/A;N/A
Death Metal Angola;N/A;N/A
Smiling Through the Apocalypse;N/A;N/A
Unrelated;N/A;N/A
The Truth About Emanuel;N/A;N/A
Anna;N/A;N/A
Free the Nipple;N/A;N/A
Thunder and the House of Magic!;http://www.boxofficemojo.com/movies/?page=intl&country=SE&id=houseofmagic.htm;775701
Maidan;N/A;N/A
Beyond Outrage;N/A;N/A
Swim Little Fish Swim;N/A;N/A
Hollidaysburg;N/A;N/A
The Word;N/A;N/A
Stop the Pounding Heart;N/A;N/A
Hide Your Smiling Faces;N/A;N/A
Evolution of a Criminal;N/A;N/A
Locker 13;N/A;N/A
The Hacker Wars;N/A;N/A
Aftermath (2014);N/A;N/A
Life's a Breeze;N/A;N/A
Age of Uprising: The Legend of Michael Kohlhaas (U.S. only);N/A;N/A
The Girl on the Train (2014);N/A;N/A
Showrunners: The Art of Running a TV Show;N/A;N/A
What Now? Remind Me;N/A;N/A
French Gigolo (Cliente);N/A;N/A
Fatal Assistance;N/A;N/A
V/H/S: Viral;N/A;N/A
Black Out;N/A;N/A
Mercedes Sosa: The Voice of Latin America;N/A;N/A
Refuge;N/A;N/A
Indigo Children;N/A;N/A
Jake Squared;N/A;N/A
McCanick;N/A;N/A
Two-Bit Waltz;N/A;N/A
The Wait;N/A;N/A
The Protector 2;N/A;N/A
Evergreen: The Road to Legalization;N/A;N/A
Moebius;N/A;N/A
Infliction;N/A;N/A
Missionary;N/A;N/A
The Right Kind of Wrong;N/A;N/A
Algorithms;N/A;N/A
Open Windows;N/A;N/A
Mr. Pip;N/A;N/A
More Than the Rainbow;N/A;N/A
Summer in February;N/A;N/A
Rhymes for Young Ghouls;N/A;N/A
Postman Pat: The Movie;http://www.boxofficemojo.com/movies/?page=intl&country=SE&id=postmanpat.htm;82177
Souldier;N/A;N/A
Ragnarok;N/A;N/A
The Tower (2014);N/A;N/A
Anything For Alice;N/A;N/A
We Are the Giant;N/A;N/A
The Butterfly Room;N/A;N/A
Demi-Soeur;N/A;N/A
A People Uncounted;N/A;N/A
Jackpot;N/A;N/A
Grand Depart;N/A;N/A
Skinless;N/A;N/A
Cinemanovels;N/A;N/A
Mummy, I'm a Zombie;N/A;N/A
;N/A;N/A
;N/A;N/A
;N/A;N/A
;N/A;N/A
;N/A;N/A
;N/A;N/A
;N/A;N/A
;N/A;N/A
;N/A;N/A
;N/A;N/A
;N/A;N/A
;N/A;N/A
;N/A;N/A
;N/A;N/A
;N/A;N/A
;N/A;N/A
;N/A;N/A
;N/A;N/A
